personalId,serviceDate serviceDate,json
2182893981963,2025-02-02 7:54:00,"{""statusAuthen"":""TRUE"",""statusMessage"":""พบข้อมูลการ authen"",""personalId"":""2182893981963"",""firstName"":""นิวัด"",""middleName"":"""",""lastName"":""แพน"",""fullName"":""นิวัด แพน"",""sex"":""หญิง"",""birthDate"":""1992-08-28"",""age"":""32 ปี 0 เดือน 0 วัน"",""nationCode"":""099"",""nationDescription"":""ไทย"",""provinceCode"":""17"",""provinceName"":""สิงห์บุรี"",""mainInscl"":""UCS"",""mainInsclName"":""สิทธิหลักประกันสุขภาพแห่งชาติ"",""subInscl"":"""",""subInsclName"":"""",""hospSub"":{""hcode"":""11305"",""hname"":""รพ.บ้านแพ้ว""},""hospMainOp"":{""hcode"":""11305"",""hname"":""รพ.บ้านแพ้ว""},""hospMain"":{""hcode"":""11305"",""hname"":""รพ.บ้านแพ้ว""},""paidModel"":""1"",""serviceHistories"":{""hcode"":""11305"",""hname"":""รพ.บ้านแพ้ว"",""claimCode"":""PP1321912132"",""serviceCode"":"""",""serviceName"":"""",""sourceChannel"":""API"",""tel"":""06384759384""},""serviceDate"":{""serviceDate"":""2025-02-02 7:54:00""}}"
1498157950656,2025-02-02 7:54:00,"{""statusAuthen"":""TRUE"",""statusMessage"":""พบข้อมูลการ authen"",""personalId"":""1498157950656"",""firstName"":""ทดสอบ1"",""middleName"":"""",""lastName"":""ทดสอบ"",""fullName"":""ทดสอบ1 ทดสอบ"",""sex"":""ชาย"",""birthDate"":""1992-08-28"",""age"":""32 ปี 0 เดือน 0 วัน"",""nationCode"":""099"",""nationDescription"":""ไทย"",""provinceCode"":""17"",""provinceName"":""สิงห์บุรี"",""mainInscl"":""UCS"",""mainInsclName"":""สิทธิหลักประกันสุขภาพแห่งชาติ"",""subInscl"":"""",""subInsclName"":"""",""hospSub"":{""hcode"":""11305"",""hname"":""รพ.บ้านแพ้ว""},""hospMainOp"":{""hcode"":""11305"",""hname"":""รพ.บ้านแพ้ว""},""hospMain"":{""hcode"":""11305"",""hname"":""รพ.บ้านแพ้ว""},""paidModel"":""1"",""serviceHistories"":{""hcode"":""11305"",""hname"":""รพ.บ้านแพ้ว"",""claimCode"":""PP1321912133"",""serviceCode"":"""",""serviceName"":"""",""sourceChannel"":""API"",""tel"":""06384759385""},""serviceDate"":{""serviceDate"":""2025-02-02 7:54:00""}}"
1464459697208,2025-02-02 7:54:00,"{""statusAuthen"":""TRUE"",""statusMessage"":""พบข้อมูลการ authen"",""personalId"":""1464459697208"",""firstName"":""ทดสอบ2"",""middleName"":"""",""lastName"":""ทดสอบ"",""fullName"":""ทดสอบ2 ทดสอบ"",""sex"":""หญิง"",""birthDate"":""1992-08-29"",""age"":""32 ปี 5 เดือน 29 วัน\r"",""nationCode"":""099"",""nationDescription"":""ไทย"",""provinceCode"":""17"",""provinceName"":""สิงห์บุรี"",""mainInscl"":""UCS"",""mainInsclName"":""สิทธิหลักประกันสุขภาพแห่งชาติ"",""subInscl"":"""",""subInsclName"":"""",""hospSub"":{""hcode"":""11305"",""hname"":""รพ.บ้านแพ้ว""},""hospMainOp"":{""hcode"":""11305"",""hname"":""รพ.บ้านแพ้ว""},""hospMain"":{""hcode"":""11305"",""hname"":""รพ.บ้านแพ้ว""},""paidModel"":""1"",""serviceHistories"":{""hcode"":""11305"",""hname"":""รพ.บ้านแพ้ว"",""claimCode"":""PP1321912134"",""serviceCode"":"""",""serviceName"":"""",""sourceChannel"":""API"",""tel"":""06384759386""},""serviceDate"":{""serviceDate"":""2025-02-02 7:54:00""}}"
2860764678719,2025-02-02 7:54:00,"{""statusAuthen"":""TRUE"",""statusMessage"":""พบข้อมูลการ authen"",""personalId"":""2860764678719"",""firstName"":""ทดสอบ3"",""middleName"":"""",""lastName"":""ทดสอบ"",""fullName"":""ทดสอบ3 ทดสอบ"",""sex"":""หญิง"",""birthDate"":""1990-01-11"",""age"":""34 ปี 3 เดือน 26 วัน"",""nationCode"":""099"",""nationDescription"":""ไทย"",""provinceCode"":""17"",""provinceName"":""สิงห์บุรี"",""mainInscl"":""UCS"",""mainInsclName"":""สิทธิหลักประกันสุขภาพแห่งชาติ"",""subInscl"":"""",""subInsclName"":"""",""hospSub"":{""hcode"":""11305"",""hname"":""รพ.บ้านแพ้ว""},""hospMainOp"":{""hcode"":""11305"",""hname"":""รพ.บ้านแพ้ว""},""hospMain"":{""hcode"":""11305"",""hname"":""รพ.บ้านแพ้ว""},""paidModel"":""1"",""serviceHistories"":{""hcode"":""11305"",""hname"":""รพ.บ้านแพ้ว"",""claimCode"":""PP1321912135"",""serviceCode"":"""",""serviceName"":"""",""sourceChannel"":""API"",""tel"":""06384759387""},""serviceDate"":{""serviceDate"":""2025-02-02 7:54:00""}}"
9976922247707,2025-02-02 7:54:00,"{""statusAuthen"":""TRUE"",""statusMessage"":""พบข้อมูลการ authen"",""personalId"":""9976922247707"",""firstName"":""ทดสอบ4"",""middleName"":"""",""lastName"":""ทดสอบ"",""fullName"":""ทดสอบ4 ทดสอบ"",""sex"":""ชาย"",""birthDate"":""1992-08-31"",""age"":""32 ปี 5 เดือน 27 วัน"",""nationCode"":""099"",""nationDescription"":""ไทย"",""provinceCode"":""17"",""provinceName"":""สิงห์บุรี"",""mainInscl"":""UCS"",""mainInsclName"":""สิทธิหลักประกันสุขภาพแห่งชาติ"",""subInscl"":"""",""subInsclName"":"""",""hospSub"":{""hcode"":""11305"",""hname"":""รพ.บ้านแพ้ว""},""hospMainOp"":{""hcode"":""11305"",""hname"":""รพ.บ้านแพ้ว""},""hospMain"":{""hcode"":""11305"",""hname"":""รพ.บ้านแพ้ว""},""paidModel"":""1"",""serviceHistories"":{""hcode"":""11305"",""hname"":""รพ.บ้านแพ้ว"",""claimCode"":""PP1321912136"",""serviceCode"":"""",""serviceName"":"""",""sourceChannel"":""API"",""tel"":""06384759388""},""serviceDate"":{""serviceDate"":""2025-02-02 7:54:00""}}"
9676671309548,2025-02-02 7:54:00,"{""statusAuthen"":""TRUE"",""statusMessage"":""พบข้อมูลการ authen"",""personalId"":""9676671309548"",""firstName"":""ทดสอบ5"",""middleName"":"""",""lastName"":""ทดสอบ"",""fullName"":""ทดสอบ5 ทดสอบ"",""sex"":""หญิง"",""birthDate"":""1992-09-01"",""age"":""32 ปี 5 เดือน 26 วัน"",""nationCode"":""099"",""nationDescription"":""ไทย"",""provinceCode"":""17"",""provinceName"":""สิงห์บุรี"",""mainInscl"":""UCS"",""mainInsclName"":""สิทธิหลักประกันสุขภาพแห่งชาติ"",""subInscl"":"""",""subInsclName"":"""",""hospSub"":{""hcode"":""11305"",""hname"":""รพ.บ้านแพ้ว""},""hospMainOp"":{""hcode"":""11305"",""hname"":""รพ.บ้านแพ้ว""},""hospMain"":{""hcode"":""11305"",""hname"":""รพ.บ้านแพ้ว""},""paidModel"":""1"",""serviceHistories"":{""hcode"":""11305"",""hname"":""รพ.บ้านแพ้ว"",""claimCode"":""PP1321912137"",""serviceCode"":"""",""serviceName"":"""",""sourceChannel"":""API"",""tel"":""06384759389""},""serviceDate"":{""serviceDate"":""2025-02-02 7:54:00""}}"
4069865132985,2025-02-02 7:54:00,"{""statusAuthen"":""TRUE"",""statusMessage"":""พบข้อมูลการ authen"",""personalId"":""4069865132985"",""firstName"":""ทดสอบ6"",""middleName"":"""",""lastName"":""ทดสอบ"",""fullName"":""ทดสอบ6 ทดสอบ"",""sex"":""ชาย"",""birthDate"":""1982-07-22"",""age"":""40 ปี 11 เดือน 6 วัน"",""nationCode"":""099"",""nationDescription"":""ไทย"",""provinceCode"":""17"",""provinceName"":""สิงห์บุรี"",""mainInscl"":""UCS"",""mainInsclName"":""สิทธิหลักประกันสุขภาพแห่งชาติ"",""subInscl"":"""",""subInsclName"":"""",""hospSub"":{""hcode"":""11305"",""hname"":""รพ.บ้านแพ้ว""},""hospMainOp"":{""hcode"":""11305"",""hname"":""รพ.บ้านแพ้ว""},""hospMain"":{""hcode"":""11305"",""hname"":""รพ.บ้านแพ้ว""},""paidModel"":""1"",""serviceHistories"":{""hcode"":""11305"",""hname"":""รพ.บ้านแพ้ว"",""claimCode"":""PP1321912138"",""serviceCode"":"""",""serviceName"":"""",""sourceChannel"":""API"",""tel"":""06384759390""},""serviceDate"":{""serviceDate"":""2025-02-02 7:54:00""}}"
5468367033903,2025-02-02 7:54:00,"{""statusAuthen"":""TRUE"",""statusMessage"":""พบข้อมูลการ authen"",""personalId"":""5468367033903"",""firstName"":""ทดสอบ7"",""middleName"":"""",""lastName"":""ทดสอบ"",""fullName"":""ทดสอบ7 ทดสอบ"",""sex"":""ชาย"",""birthDate"":""1992-09-03"",""age"":""32 ปี 5 เดือน 24 วัน"",""nationCode"":""099"",""nationDescription"":""ไทย"",""provinceCode"":""17"",""provinceName"":""สิงห์บุรี"",""mainInscl"":""UCS"",""mainInsclName"":""สิทธิหลักประกันสุขภาพแห่งชาติ"",""subInscl"":"""",""subInsclName"":"""",""hospSub"":{""hcode"":""11305"",""hname"":""รพ.บ้านแพ้ว""},""hospMainOp"":{""hcode"":""11305"",""hname"":""รพ.บ้านแพ้ว""},""hospMain"":{""hcode"":""11305"",""hname"":""รพ.บ้านแพ้ว""},""paidModel"":""1"",""serviceHistories"":{""hcode"":""11305"",""hname"":""รพ.บ้านแพ้ว"",""claimCode"":""PP1321912139"",""serviceCode"":"""",""serviceName"":"""",""sourceChannel"":""API"",""tel"":""06384759391""},""serviceDate"":{""serviceDate"":""2025-02-02 7:54:00""}}"
3900618707359,2025-02-02 7:54:00,"{""statusAuthen"":""TRUE"",""statusMessage"":""พบข้อมูลการ authen"",""personalId"":""3900618707359"",""firstName"":""ทดสอบ8"",""middleName"":"""",""lastName"":""ทดสอบ"",""fullName"":""ทดสอบ8 ทดสอบ"",""sex"":""ชาย"",""birthDate"":""1994-01-04"",""age"":""31 ปี 1 เดือน 21 วัน"",""nationCode"":""099"",""nationDescription"":""ไทย"",""provinceCode"":""17"",""provinceName"":""สิงห์บุรี"",""mainInscl"":""UCS"",""mainInsclName"":""สิทธิหลักประกันสุขภาพแห่งชาติ"",""subInscl"":"""",""subInsclName"":"""",""hospSub"":{""hcode"":""11305"",""hname"":""รพ.บ้านแพ้ว""},""hospMainOp"":{""hcode"":""11305"",""hname"":""รพ.บ้านแพ้ว""},""hospMain"":{""hcode"":""11305"",""hname"":""รพ.บ้านแพ้ว""},""paidModel"":""1"",""serviceHistories"":{""hcode"":""11305"",""hname"":""รพ.บ้านแพ้ว"",""claimCode"":""PP1321912140"",""serviceCode"":"""",""serviceName"":"""",""sourceChannel"":""API"",""tel"":""06384759392""},""serviceDate"":{""serviceDate"":""2025-02-02 7:54:00""}}"
7124746737416,2025-02-02 7:54:00,"{""statusAuthen"":""TRUE"",""statusMessage"":""พบข้อมูลการ authen"",""personalId"":""7124746737416"",""firstName"":""ทดสอบ9"",""middleName"":"""",""lastName"":""ทดสอบ"",""fullName"":""ทดสอบ9 ทดสอบ"",""sex"":""หญิง"",""birthDate"":""1997-04-29"",""age"":""27 ปี 9 เดือน 29 วัน"",""nationCode"":""099"",""nationDescription"":""ไทย"",""provinceCode"":""17"",""provinceName"":""สิงห์บุรี"",""mainInscl"":""UCS"",""mainInsclName"":""สิทธิหลักประกันสุขภาพแห่งชาติ"",""subInscl"":"""",""subInsclName"":"""",""hospSub"":{""hcode"":""11305"",""hname"":""รพ.บ้านแพ้ว""},""hospMainOp"":{""hcode"":""11305"",""hname"":""รพ.บ้านแพ้ว""},""hospMain"":{""hcode"":""11305"",""hname"":""รพ.บ้านแพ้ว""},""paidModel"":""1"",""serviceHistories"":{""hcode"":""11305"",""hname"":""รพ.บ้านแพ้ว"",""claimCode"":""PP1321912141"",""serviceCode"":"""",""serviceName"":"""",""sourceChannel"":""API"",""tel"":""06384759393""},""serviceDate"":{""serviceDate"":""2025-02-02 7:54:00""}}"
1443852933786,2025-02-02 7:54:00,"{""statusAuthen"":""TRUE"",""statusMessage"":""พบข้อมูลการ authen"",""personalId"":""1443852933786"",""firstName"":""ทดสอบ10"",""middleName"":"""",""lastName"":""ทดสอบ"",""fullName"":""ทดสอบ10 ทดสอบ"",""sex"":""หญิง"",""birthDate"":""1992-09-06"",""age"":""32 ปี 5 เดือน 21 วัน"",""nationCode"":""099"",""nationDescription"":""ไทย"",""provinceCode"":""17"",""provinceName"":""สิงห์บุรี"",""mainInscl"":""UCS"",""mainInsclName"":""สิทธิหลักประกันสุขภาพแห่งชาติ"",""subInscl"":"""",""subInsclName"":"""",""hospSub"":{""hcode"":""11305"",""hname"":""รพ.บ้านแพ้ว""},""hospMainOp"":{""hcode"":""11305"",""hname"":""รพ.บ้านแพ้ว""},""hospMain"":{""hcode"":""11305"",""hname"":""รพ.บ้านแพ้ว""},""paidModel"":""1"",""serviceHistories"":{""hcode"":""11305"",""hname"":""รพ.บ้านแพ้ว"",""claimCode"":""PP1321912142"",""serviceCode"":"""",""serviceName"":"""",""sourceChannel"":""API"",""tel"":""06384759394""},""serviceDate"":{""serviceDate"":""2025-02-02 7:54:00""}}"
2182893981963,2025-02-02 7:54:00,"{""statusAuthen"":""TRUE"",""statusMessage"":""พบข้อมูลการ authen"",""personalId"":""2182893981963"",""firstName"":""นิวัด"",""middleName"":"""",""lastName"":""แพน"",""fullName"":""นิวัด แพน"",""sex"":""หญิง"",""birthDate"":""1992-08-28"",""age"":""32 ปี 0 เดือน 0 วัน"",""nationCode"":""099"",""nationDescription"":""ไทย"",""provinceCode"":""17"",""provinceName"":""สิงห์บุรี"",""mainInscl"":""UCS"",""mainInsclName"":""สิทธิหลักประกันสุขภาพแห่งชาติ"",""subInscl"":"""",""subInsclName"":"""",""hospSub"":{""hcode"":""11305"",""hname"":""รพ.บ้านแพ้ว""},""hospMainOp"":{""hcode"":""11305"",""hname"":""รพ.บ้านแพ้ว""},""hospMain"":{""hcode"":""11305"",""hname"":""รพ.บ้านแพ้ว""},""paidModel"":""1"",""serviceHistories"":{""hcode"":""11305"",""hname"":""รพ.บ้านแพ้ว"",""claimCode"":""PP1321912132"",""serviceCode"":"""",""serviceName"":"""",""sourceChannel"":""API"",""tel"":""06384759384""},""serviceDate"":{""serviceDate"":""2025-02-02 7:54:00""}}"
8590601192282,2025-02-03 7:54:00,"{""statusAuthen"":""TRUE"",""statusMessage"":""พบข้อมูลการ authen"",""personalId"":""8590601192282"",""firstName"":""นิวัด"",""middleName"":"""",""lastName"":""แพนเอ"",""fullName"":""นิวัด แพนเอ"",""sex"":""หญิง"",""birthDate"":""2005-08-28"",""age"":""19 ปี 0 เดือน 0 วัน"",""nationCode"":""099"",""nationDescription"":""ไทย"",""provinceCode"":""17"",""provinceName"":""สิงห์บุรี"",""mainInscl"":""UCS"",""mainInsclName"":""สิทธิหลักประกันสุขภาพแห่งชาติ"",""subInscl"":"""",""subInsclName"":"""",""hospSub"":{""hcode"":""13814"",""hname"":""รพ.ศิริราช""},""hospMainOp"":{""hcode"":""13814"",""hname"":""รพ.ศิริราช""},""hospMain"":{""hcode"":""13814"",""hname"":""รพ.ศิริราช""},""paidModel"":""1"",""serviceHistories"":{""hcode"":""13814"",""hname"":""รพ.ศิริราช"",""claimCode"":""PP1321912153"",""serviceCode"":"""",""serviceName"":"""",""sourceChannel"":""API"",""tel"":""06384759384""},""serviceDate"":{""serviceDate"":""2025-02-03 7:54:00""}}"
7823878223692,2025-02-04 7:54:00,"{""statusAuthen"":""TRUE"",""statusMessage"":""พบข้อมูลการ authen"",""personalId"":""7823878223692"",""firstName"":""นิวัดเอ"",""middleName"":"""",""lastName"":""แพน"",""fullName"":""นิวัดเอ แพน"",""sex"":""หญิง"",""birthDate"":""2005-08-28"",""age"":""19 ปี 0 เดือน 0 วัน"",""nationCode"":""099"",""nationDescription"":""ไทย"",""provinceCode"":""17"",""provinceName"":""สิงห์บุรี"",""mainInscl"":""UCS"",""mainInsclName"":""สิทธิหลักประกันสุขภาพแห่งชาติ"",""subInscl"":"""",""subInsclName"":"""",""hospSub"":{""hcode"":""13814"",""hname"":""รพ.ศิริราช""},""hospMainOp"":{""hcode"":""13814"",""hname"":""รพ.ศิริราช""},""hospMain"":{""hcode"":""13814"",""hname"":""รพ.ศิริราช""},""paidModel"":""1"",""serviceHistories"":{""hcode"":""13814"",""hname"":""รพ.ศิริราช"",""claimCode"":""PP1321912154"",""serviceCode"":"""",""serviceName"":"""",""sourceChannel"":""API"",""tel"":""06384759384""},""serviceDate"":{""serviceDate"":""2025-02-04 7:54:00""}}"
2690231771399,2025-02-05 7:54:00,"{""statusAuthen"":""TRUE"",""statusMessage"":""พบข้อมูลการ authen"",""personalId"":""2690231771399"",""firstName"":""นิวัดบี"",""middleName"":"""",""lastName"":""แพน"",""fullName"":""นิวัดบี แพน"",""sex"":""หญิง"",""birthDate"":""2005-08-28"",""age"":""19 ปี 0 เดือน 0 วัน"",""nationCode"":""099"",""nationDescription"":""ไทย"",""provinceCode"":""17"",""provinceName"":""สิงห์บุรี"",""mainInscl"":""UCS"",""mainInsclName"":""สิทธิหลักประกันสุขภาพแห่งชาติ"",""subInscl"":"""",""subInsclName"":"""",""hospSub"":{""hcode"":""13814"",""hname"":""รพ.ศิริราช""},""hospMainOp"":{""hcode"":""13814"",""hname"":""รพ.ศิริราช""},""hospMain"":{""hcode"":""13814"",""hname"":""รพ.ศิริราช""},""paidModel"":""1"",""serviceHistories"":{""hcode"":""13814"",""hname"":""รพ.ศิริราช"",""claimCode"":""PP1321912155"",""serviceCode"":"""",""serviceName"":"""",""sourceChannel"":""API"",""tel"":""06384759384""},""serviceDate"":{""serviceDate"":""2025-02-05 7:54:00""}}"
3526638611461,2025-02-06 7:54:00,"{""statusAuthen"":""TRUE"",""statusMessage"":""พบข้อมูลการ authen"",""personalId"":""3526638611461"",""firstName"":""นิวัดซี"",""middleName"":"""",""lastName"":""แพน"",""fullName"":""นิวัดซี แพน"",""sex"":""หญิง"",""birthDate"":""2005-08-28"",""age"":""19 ปี 0 เดือน 0 วัน"",""nationCode"":""099"",""nationDescription"":""ไทย"",""provinceCode"":""17"",""provinceName"":""สิงห์บุรี"",""mainInscl"":""UCS"",""mainInsclName"":""สิทธิหลักประกันสุขภาพแห่งชาติ"",""subInscl"":"""",""subInsclName"":"""",""hospSub"":{""hcode"":""13814"",""hname"":""รพ.ศิริราช""},""hospMainOp"":{""hcode"":""13814"",""hname"":""รพ.ศิริราช""},""hospMain"":{""hcode"":""13814"",""hname"":""รพ.ศิริราช""},""paidModel"":""1"",""serviceHistories"":{""hcode"":""13814"",""hname"":""รพ.ศิริราช"",""claimCode"":""PP1321912156"",""serviceCode"":"""",""serviceName"":"""",""sourceChannel"":""API"",""tel"":""06384759384""},""serviceDate"":{""serviceDate"":""2025-02-06 7:54:00""}}"
8645326726262,2025-02-07 7:54:00,"{""statusAuthen"":""TRUE"",""statusMessage"":""พบข้อมูลการ authen"",""personalId"":""8645326726262"",""firstName"":""นิวัดดี"",""middleName"":"""",""lastName"":""แพน"",""fullName"":""นิวัดดี แพน"",""sex"":""หญิง"",""birthDate"":""2005-08-28"",""age"":""19 ปี 0 เดือน 0 วัน"",""nationCode"":""099"",""nationDescription"":""ไทย"",""provinceCode"":""17"",""provinceName"":""สิงห์บุรี"",""mainInscl"":""UCS"",""mainInsclName"":""สิทธิหลักประกันสุขภาพแห่งชาติ"",""subInscl"":"""",""subInsclName"":"""",""hospSub"":{""hcode"":""13814"",""hname"":""รพ.ศิริราช""},""hospMainOp"":{""hcode"":""13814"",""hname"":""รพ.ศิริราช""},""hospMain"":{""hcode"":""13814"",""hname"":""รพ.ศิริราช""},""paidModel"":""1"",""serviceHistories"":{""hcode"":""13814"",""hname"":""รพ.ศิริราช"",""claimCode"":""PP1321912157"",""serviceCode"":"""",""serviceName"":"""",""sourceChannel"":""API"",""tel"":""06384759384""},""serviceDate"":{""serviceDate"":""2025-02-07 7:54:00""}}"
7326378481452,2024-11-01 7:54:00,"{""statusAuthen"":""TRUE"",""statusMessage"":""พบข้อมูลการ authen"",""personalId"":""7326378481452"",""firstName"":""SITทดสอบC1201"",""middleName"":"""",""lastName"":""เคสที่C1201"",""fullName"":""SITทดสอบC1201 เคสที่C1201"",""sex"":""ชาย"",""birthDate"":""2000-12-01"",""age"":""25 ปี 0 เดือน 0 วัน"",""nationCode"":""099"",""nationDescription"":""ไทย"",""provinceCode"":""17"",""provinceName"":""สิงห์บุรี"",""mainInscl"":""UCS"",""mainInsclName"":""สิทธิหลักประกันสุขภาพแห่งชาติ"",""subInscl"":"""",""subInsclName"":"""",""hospSub"":{""hcode"":""11305"",""hname"":""รพ.บ้านแพ้ว""},""hospMainOp"":{""hcode"":""11305"",""hname"":""รพ.บ้านแพ้ว""},""hospMain"":{""hcode"":""11305"",""hname"":""รพ.บ้านแพ้ว""},""paidModel"":""1"",""serviceHistories"":{""hcode"":""11305"",""hname"":""รพ.บ้านแพ้ว"",""claimCode"":""PP1321912128"",""serviceCode"":"""",""serviceName"":"""",""sourceChannel"":""API"",""tel"":""0990000000""},""serviceDate"":{""serviceDate"":""2024-11-01 7:54:00""}}"
8728211557486,2024-11-01 7:54:00,"{""statusAuthen"":""TRUE"",""statusMessage"":""พบข้อมูลการ authen"",""personalId"":""8728211557486"",""firstName"":""SITทดสอบC1201"",""middleName"":"""",""lastName"":""เคสที่C1201"",""fullName"":""SITทดสอบC1201 เคสที่C1201"",""sex"":""ชาย"",""birthDate"":""2000-12-01"",""age"":""25 ปี 0 เดือน 0 วัน"",""nationCode"":""099"",""nationDescription"":""ไทย"",""provinceCode"":""17"",""provinceName"":""สิงห์บุรี"",""mainInscl"":""UCS"",""mainInsclName"":""สิทธิหลักประกันสุขภาพแห่งชาติ"",""subInscl"":"""",""subInsclName"":"""",""hospSub"":{""hcode"":""11305"",""hname"":""รพ.บ้านแพ้ว""},""hospMainOp"":{""hcode"":""11305"",""hname"":""รพ.บ้านแพ้ว""},""hospMain"":{""hcode"":""11305"",""hname"":""รพ.บ้านแพ้ว""},""paidModel"":""1"",""serviceHistories"":{""hcode"":""11305"",""hname"":""รพ.บ้านแพ้ว"",""claimCode"":""PP1321912129"",""serviceCode"":"""",""serviceName"":"""",""sourceChannel"":""API"",""tel"":""0990000000""},""serviceDate"":{""serviceDate"":""2024-11-01 7:54:00""}}"
6518283664322,2024-11-01 7:54:00,"{""statusAuthen"":""TRUE"",""statusMessage"":""พบข้อมูลการ authen"",""personalId"":""6518283664322"",""firstName"":""SITทดสอบC1201"",""middleName"":"""",""lastName"":""เคสที่C1201"",""fullName"":""SITทดสอบC1201 เคสที่C1201"",""sex"":""ชาย"",""birthDate"":""2000-12-01"",""age"":""25 ปี 0 เดือน 0 วัน"",""nationCode"":""099"",""nationDescription"":""ไทย"",""provinceCode"":""17"",""provinceName"":""สิงห์บุรี"",""mainInscl"":""UCS"",""mainInsclName"":""สิทธิหลักประกันสุขภาพแห่งชาติ"",""subInscl"":"""",""subInsclName"":"""",""hospSub"":{""hcode"":""11305"",""hname"":""รพ.บ้านแพ้ว""},""hospMainOp"":{""hcode"":""11305"",""hname"":""รพ.บ้านแพ้ว""},""hospMain"":{""hcode"":""11305"",""hname"":""รพ.บ้านแพ้ว""},""paidModel"":""1"",""serviceHistories"":{""hcode"":""11305"",""hname"":""รพ.บ้านแพ้ว"",""claimCode"":""PP1321912130"",""serviceCode"":"""",""serviceName"":"""",""sourceChannel"":""API"",""tel"":""0990000000""},""serviceDate"":{""serviceDate"":""2024-11-01 7:54:00""}}"
4021557143067,2024-11-01 7:54:00,"{""statusAuthen"":""TRUE"",""statusMessage"":""พบข้อมูลการ authen"",""personalId"":""4021557143067"",""firstName"":""SITทดสอบC1201"",""middleName"":"""",""lastName"":""เคสที่C1201"",""fullName"":""SITทดสอบC1201 เคสที่C1201"",""sex"":""ชาย"",""birthDate"":""2000-12-01"",""age"":""25 ปี 0 เดือน 0 วัน"",""nationCode"":""099"",""nationDescription"":""ไทย"",""provinceCode"":""17"",""provinceName"":""สิงห์บุรี"",""mainInscl"":""UCS"",""mainInsclName"":""สิทธิหลักประกันสุขภาพแห่งชาติ"",""subInscl"":"""",""subInsclName"":"""",""hospSub"":{""hcode"":""11305"",""hname"":""รพ.บ้านแพ้ว""},""hospMainOp"":{""hcode"":""11305"",""hname"":""รพ.บ้านแพ้ว""},""hospMain"":{""hcode"":""11305"",""hname"":""รพ.บ้านแพ้ว""},""paidModel"":""1"",""serviceHistories"":{""hcode"":""11305"",""hname"":""รพ.บ้านแพ้ว"",""claimCode"":""PP1321912131"",""serviceCode"":"""",""serviceName"":"""",""sourceChannel"":""API"",""tel"":""0990000000""},""serviceDate"":{""serviceDate"":""2024-11-01 7:54:00""}}"
1336508110077,2024-11-01 7:54:00,"{""statusAuthen"":""TRUE"",""statusMessage"":""พบข้อมูลการ authen"",""personalId"":""1336508110077"",""firstName"":""SITทดสอบC1201"",""middleName"":"""",""lastName"":""เคสที่C1201"",""fullName"":""SITทดสอบC1201 เคสที่C1201"",""sex"":""ชาย"",""birthDate"":""2000-12-01"",""age"":""25 ปี 0 เดือน 0 วัน"",""nationCode"":""099"",""nationDescription"":""ไทย"",""provinceCode"":""17"",""provinceName"":""สิงห์บุรี"",""mainInscl"":""UCS"",""mainInsclName"":""สิทธิหลักประกันสุขภาพแห่งชาติ"",""subInscl"":"""",""subInsclName"":"""",""hospSub"":{""hcode"":""11305"",""hname"":""รพ.บ้านแพ้ว""},""hospMainOp"":{""hcode"":""11305"",""hname"":""รพ.บ้านแพ้ว""},""hospMain"":{""hcode"":""11305"",""hname"":""รพ.บ้านแพ้ว""},""paidModel"":""1"",""serviceHistories"":{""hcode"":""11305"",""hname"":""รพ.บ้านแพ้ว"",""claimCode"":""PP1321912132"",""serviceCode"":"""",""serviceName"":"""",""sourceChannel"":""API"",""tel"":""0990000000""},""serviceDate"":{""serviceDate"":""2024-11-01 7:54:00""}}"
7345526157720,2024-11-01 7:54:00,"{""statusAuthen"":""TRUE"",""statusMessage"":""พบข้อมูลการ authen"",""personalId"":""7345526157720"",""firstName"":""SITทดสอบC1201"",""middleName"":"""",""lastName"":""เคสที่C1201"",""fullName"":""SITทดสอบC1201 เคสที่C1201"",""sex"":""ชาย"",""birthDate"":""2000-12-01"",""age"":""25 ปี 0 เดือน 0 วัน"",""nationCode"":""099"",""nationDescription"":""ไทย"",""provinceCode"":""17"",""provinceName"":""สิงห์บุรี"",""mainInscl"":""UCS"",""mainInsclName"":""สิทธิหลักประกันสุขภาพแห่งชาติ"",""subInscl"":"""",""subInsclName"":"""",""hospSub"":{""hcode"":""11305"",""hname"":""รพ.บ้านแพ้ว""},""hospMainOp"":{""hcode"":""11305"",""hname"":""รพ.บ้านแพ้ว""},""hospMain"":{""hcode"":""11305"",""hname"":""รพ.บ้านแพ้ว""},""paidModel"":""1"",""serviceHistories"":{""hcode"":""11305"",""hname"":""รพ.บ้านแพ้ว"",""claimCode"":""PP1321912133"",""serviceCode"":"""",""serviceName"":"""",""sourceChannel"":""API"",""tel"":""0990000000""},""serviceDate"":{""serviceDate"":""2024-11-01 7:54:00""}}"
2750316051551,2024-11-01 7:54:00,"{""statusAuthen"":""TRUE"",""statusMessage"":""พบข้อมูลการ authen"",""personalId"":""2750316051551"",""firstName"":""SITทดสอบC1201"",""middleName"":"""",""lastName"":""เคสที่C1201"",""fullName"":""SITทดสอบC1201 เคสที่C1201"",""sex"":""ชาย"",""birthDate"":""2000-12-01"",""age"":""25 ปี 0 เดือน 0 วัน"",""nationCode"":""099"",""nationDescription"":""ไทย"",""provinceCode"":""17"",""provinceName"":""สิงห์บุรี"",""mainInscl"":""UCS"",""mainInsclName"":""สิทธิหลักประกันสุขภาพแห่งชาติ"",""subInscl"":"""",""subInsclName"":"""",""hospSub"":{""hcode"":""11305"",""hname"":""รพ.บ้านแพ้ว""},""hospMainOp"":{""hcode"":""11305"",""hname"":""รพ.บ้านแพ้ว""},""hospMain"":{""hcode"":""11305"",""hname"":""รพ.บ้านแพ้ว""},""paidModel"":""1"",""serviceHistories"":{""hcode"":""11305"",""hname"":""รพ.บ้านแพ้ว"",""claimCode"":""PP1321912134"",""serviceCode"":"""",""serviceName"":"""",""sourceChannel"":""API"",""tel"":""0990000000""},""serviceDate"":{""serviceDate"":""2024-11-01 7:54:00""}}"
5448167580404,2024-11-01 7:54:00,"{""statusAuthen"":""TRUE"",""statusMessage"":""พบข้อมูลการ authen"",""personalId"":""5448167580404"",""firstName"":""SITทดสอบC1201"",""middleName"":"""",""lastName"":""เคสที่C1201"",""fullName"":""SITทดสอบC1201 เคสที่C1201"",""sex"":""ชาย"",""birthDate"":""2000-12-01"",""age"":""25 ปี 0 เดือน 0 วัน"",""nationCode"":""099"",""nationDescription"":""ไทย"",""provinceCode"":""17"",""provinceName"":""สิงห์บุรี"",""mainInscl"":""UCS"",""mainInsclName"":""สิทธิหลักประกันสุขภาพแห่งชาติ"",""subInscl"":"""",""subInsclName"":"""",""hospSub"":{""hcode"":""11305"",""hname"":""รพ.บ้านแพ้ว""},""hospMainOp"":{""hcode"":""11305"",""hname"":""รพ.บ้านแพ้ว""},""hospMain"":{""hcode"":""11305"",""hname"":""รพ.บ้านแพ้ว""},""paidModel"":""1"",""serviceHistories"":{""hcode"":""11305"",""hname"":""รพ.บ้านแพ้ว"",""claimCode"":""PP1321912135"",""serviceCode"":"""",""serviceName"":"""",""sourceChannel"":""API"",""tel"":""0990000000""},""serviceDate"":{""serviceDate"":""2024-11-01 7:54:00""}}"
6213203307259,2024-11-01 7:54:00,"{""statusAuthen"":""TRUE"",""statusMessage"":""พบข้อมูลการ authen"",""personalId"":""6213203307259"",""firstName"":""SITทดสอบC1201"",""middleName"":"""",""lastName"":""เคสที่C1201"",""fullName"":""SITทดสอบC1201 เคสที่C1201"",""sex"":""ชาย"",""birthDate"":""2000-12-01"",""age"":""25 ปี 0 เดือน 0 วัน"",""nationCode"":""099"",""nationDescription"":""ไทย"",""provinceCode"":""17"",""provinceName"":""สิงห์บุรี"",""mainInscl"":""UCS"",""mainInsclName"":""สิทธิหลักประกันสุขภาพแห่งชาติ"",""subInscl"":"""",""subInsclName"":"""",""hospSub"":{""hcode"":""11305"",""hname"":""รพ.บ้านแพ้ว""},""hospMainOp"":{""hcode"":""11305"",""hname"":""รพ.บ้านแพ้ว""},""hospMain"":{""hcode"":""11305"",""hname"":""รพ.บ้านแพ้ว""},""paidModel"":""1"",""serviceHistories"":{""hcode"":""11305"",""hname"":""รพ.บ้านแพ้ว"",""claimCode"":""PP1321912136"",""serviceCode"":"""",""serviceName"":"""",""sourceChannel"":""API"",""tel"":""0990000000""},""serviceDate"":{""serviceDate"":""2024-11-01 7:54:00""}}"
1438230128507,2024-11-01 7:54:00,"{""statusAuthen"":""TRUE"",""statusMessage"":""พบข้อมูลการ authen"",""personalId"":""1438230128507"",""firstName"":""SITทดสอบC1201"",""middleName"":"""",""lastName"":""เคสที่C1201"",""fullName"":""SITทดสอบC1201 เคสที่C1201"",""sex"":""ชาย"",""birthDate"":""2000-12-01"",""age"":""25 ปี 0 เดือน 0 วัน"",""nationCode"":""099"",""nationDescription"":""ไทย"",""provinceCode"":""17"",""provinceName"":""สิงห์บุรี"",""mainInscl"":""UCS"",""mainInsclName"":""สิทธิหลักประกันสุขภาพแห่งชาติ"",""subInscl"":"""",""subInsclName"":"""",""hospSub"":{""hcode"":""11305"",""hname"":""รพ.บ้านแพ้ว""},""hospMainOp"":{""hcode"":""11305"",""hname"":""รพ.บ้านแพ้ว""},""hospMain"":{""hcode"":""11305"",""hname"":""รพ.บ้านแพ้ว""},""paidModel"":""1"",""serviceHistories"":{""hcode"":""11305"",""hname"":""รพ.บ้านแพ้ว"",""claimCode"":""PP1321912137"",""serviceCode"":"""",""serviceName"":"""",""sourceChannel"":""API"",""tel"":""0990000000""},""serviceDate"":{""serviceDate"":""2024-11-01 7:54:00""}}"
1155476157562,2024-11-01 7:54:00,"{""statusAuthen"":""TRUE"",""statusMessage"":""พบข้อมูลการ authen"",""personalId"":""1155476157562"",""firstName"":""SITทดสอบC1201"",""middleName"":"""",""lastName"":""เคสที่C1201"",""fullName"":""SITทดสอบC1201 เคสที่C1201"",""sex"":""ชาย"",""birthDate"":""2000-12-01"",""age"":""25 ปี 0 เดือน 0 วัน"",""nationCode"":""099"",""nationDescription"":""ไทย"",""provinceCode"":""17"",""provinceName"":""สิงห์บุรี"",""mainInscl"":""UCS"",""mainInsclName"":""สิทธิหลักประกันสุขภาพแห่งชาติ"",""subInscl"":"""",""subInsclName"":"""",""hospSub"":{""hcode"":""11305"",""hname"":""รพ.บ้านแพ้ว""},""hospMainOp"":{""hcode"":""11305"",""hname"":""รพ.บ้านแพ้ว""},""hospMain"":{""hcode"":""11305"",""hname"":""รพ.บ้านแพ้ว""},""paidModel"":""1"",""serviceHistories"":{""hcode"":""11305"",""hname"":""รพ.บ้านแพ้ว"",""claimCode"":""PP1321912138"",""serviceCode"":"""",""serviceName"":"""",""sourceChannel"":""API"",""tel"":""0990000000""},""serviceDate"":{""serviceDate"":""2024-11-01 7:54:00""}}"
8868422883111,2024-11-01 7:54:00,"{""statusAuthen"":""TRUE"",""statusMessage"":""พบข้อมูลการ authen"",""personalId"":""8868422883111"",""firstName"":""SITทดสอบC1201"",""middleName"":"""",""lastName"":""เคสที่C1201"",""fullName"":""SITทดสอบC1201 เคสที่C1201"",""sex"":""ชาย"",""birthDate"":""2000-12-01"",""age"":""25 ปี 0 เดือน 0 วัน"",""nationCode"":""099"",""nationDescription"":""ไทย"",""provinceCode"":""17"",""provinceName"":""สิงห์บุรี"",""mainInscl"":""UCS"",""mainInsclName"":""สิทธิหลักประกันสุขภาพแห่งชาติ"",""subInscl"":"""",""subInsclName"":"""",""hospSub"":{""hcode"":""11305"",""hname"":""รพ.บ้านแพ้ว""},""hospMainOp"":{""hcode"":""11305"",""hname"":""รพ.บ้านแพ้ว""},""hospMain"":{""hcode"":""11305"",""hname"":""รพ.บ้านแพ้ว""},""paidModel"":""1"",""serviceHistories"":{""hcode"":""11305"",""hname"":""รพ.บ้านแพ้ว"",""claimCode"":""PP1321912139"",""serviceCode"":"""",""serviceName"":"""",""sourceChannel"":""API"",""tel"":""0990000000""},""serviceDate"":{""serviceDate"":""2024-11-01 7:54:00""}}"
4656805443803,2024-11-01 7:54:00,"{""statusAuthen"":""TRUE"",""statusMessage"":""พบข้อมูลการ authen"",""personalId"":""4656805443803"",""firstName"":""SITทดสอบC1201"",""middleName"":"""",""lastName"":""เคสที่C1201"",""fullName"":""SITทดสอบC1201 เคสที่C1201"",""sex"":""ชาย"",""birthDate"":""2000-12-01"",""age"":""25 ปี 0 เดือน 0 วัน"",""nationCode"":""099"",""nationDescription"":""ไทย"",""provinceCode"":""17"",""provinceName"":""สิงห์บุรี"",""mainInscl"":""UCS"",""mainInsclName"":""สิทธิหลักประกันสุขภาพแห่งชาติ"",""subInscl"":"""",""subInsclName"":"""",""hospSub"":{""hcode"":""11305"",""hname"":""รพ.บ้านแพ้ว""},""hospMainOp"":{""hcode"":""11305"",""hname"":""รพ.บ้านแพ้ว""},""hospMain"":{""hcode"":""11305"",""hname"":""รพ.บ้านแพ้ว""},""paidModel"":""1"",""serviceHistories"":{""hcode"":""11305"",""hname"":""รพ.บ้านแพ้ว"",""claimCode"":""PP1321912140"",""serviceCode"":"""",""serviceName"":"""",""sourceChannel"":""API"",""tel"":""0990000000""},""serviceDate"":{""serviceDate"":""2024-11-01 7:54:00""}}"
4747733103637,2024-11-01 7:54:00,"{""statusAuthen"":""TRUE"",""statusMessage"":""พบข้อมูลการ authen"",""personalId"":""4747733103637"",""firstName"":""SITทดสอบC1201"",""middleName"":"""",""lastName"":""เคสที่C1201"",""fullName"":""SITทดสอบC1201 เคสที่C1201"",""sex"":""ชาย"",""birthDate"":""2000-12-01"",""age"":""25 ปี 0 เดือน 0 วัน"",""nationCode"":""099"",""nationDescription"":""ไทย"",""provinceCode"":""17"",""provinceName"":""สิงห์บุรี"",""mainInscl"":""UCS"",""mainInsclName"":""สิทธิหลักประกันสุขภาพแห่งชาติ"",""subInscl"":"""",""subInsclName"":"""",""hospSub"":{""hcode"":""11305"",""hname"":""รพ.บ้านแพ้ว""},""hospMainOp"":{""hcode"":""11305"",""hname"":""รพ.บ้านแพ้ว""},""hospMain"":{""hcode"":""11305"",""hname"":""รพ.บ้านแพ้ว""},""paidModel"":""1"",""serviceHistories"":{""hcode"":""11305"",""hname"":""รพ.บ้านแพ้ว"",""claimCode"":""PP1321912141"",""serviceCode"":"""",""serviceName"":"""",""sourceChannel"":""API"",""tel"":""0990000000""},""serviceDate"":{""serviceDate"":""2024-11-01 7:54:00""}}"
2508366612751,2024-11-01 7:54:00,"{""statusAuthen"":""TRUE"",""statusMessage"":""พบข้อมูลการ authen"",""personalId"":""2508366612751"",""firstName"":""SITทดสอบC1201"",""middleName"":"""",""lastName"":""เคสที่C1201"",""fullName"":""SITทดสอบC1201 เคสที่C1201"",""sex"":""ชาย"",""birthDate"":""2000-12-01"",""age"":""25 ปี 0 เดือน 0 วัน"",""nationCode"":""099"",""nationDescription"":""ไทย"",""provinceCode"":""17"",""provinceName"":""สิงห์บุรี"",""mainInscl"":""UCS"",""mainInsclName"":""สิทธิหลักประกันสุขภาพแห่งชาติ"",""subInscl"":"""",""subInsclName"":"""",""hospSub"":{""hcode"":""11305"",""hname"":""รพ.บ้านแพ้ว""},""hospMainOp"":{""hcode"":""11305"",""hname"":""รพ.บ้านแพ้ว""},""hospMain"":{""hcode"":""11305"",""hname"":""รพ.บ้านแพ้ว""},""paidModel"":""1"",""serviceHistories"":{""hcode"":""11305"",""hname"":""รพ.บ้านแพ้ว"",""claimCode"":""PP1321912142"",""serviceCode"":"""",""serviceName"":"""",""sourceChannel"":""API"",""tel"":""0990000000""},""serviceDate"":{""serviceDate"":""2024-11-01 7:54:00""}}"
3001755309605,2024-11-01 7:54:00,"{""statusAuthen"":""TRUE"",""statusMessage"":""พบข้อมูลการ authen"",""personalId"":""3001755309605"",""firstName"":""SITทดสอบC1201"",""middleName"":"""",""lastName"":""เคสที่C1201"",""fullName"":""SITทดสอบC1201 เคสที่C1201"",""sex"":""ชาย"",""birthDate"":""2000-12-01"",""age"":""25 ปี 0 เดือน 0 วัน"",""nationCode"":""099"",""nationDescription"":""ไทย"",""provinceCode"":""17"",""provinceName"":""สิงห์บุรี"",""mainInscl"":""UCS"",""mainInsclName"":""สิทธิหลักประกันสุขภาพแห่งชาติ"",""subInscl"":"""",""subInsclName"":"""",""hospSub"":{""hcode"":""11305"",""hname"":""รพ.บ้านแพ้ว""},""hospMainOp"":{""hcode"":""11305"",""hname"":""รพ.บ้านแพ้ว""},""hospMain"":{""hcode"":""11305"",""hname"":""รพ.บ้านแพ้ว""},""paidModel"":""1"",""serviceHistories"":{""hcode"":""11305"",""hname"":""รพ.บ้านแพ้ว"",""claimCode"":""PP1321912143"",""serviceCode"":"""",""serviceName"":"""",""sourceChannel"":""API"",""tel"":""0990000000""},""serviceDate"":{""serviceDate"":""2024-11-01 7:54:00""}}"
7355342809546,2024-11-01 7:54:00,"{""statusAuthen"":""TRUE"",""statusMessage"":""พบข้อมูลการ authen"",""personalId"":""7355342809546"",""firstName"":""SITทดสอบC1201"",""middleName"":"""",""lastName"":""เคสที่C1201"",""fullName"":""SITทดสอบC1201 เคสที่C1201"",""sex"":""ชาย"",""birthDate"":""2000-12-01"",""age"":""25 ปี 0 เดือน 0 วัน"",""nationCode"":""099"",""nationDescription"":""ไทย"",""provinceCode"":""17"",""provinceName"":""สิงห์บุรี"",""mainInscl"":""UCS"",""mainInsclName"":""สิทธิหลักประกันสุขภาพแห่งชาติ"",""subInscl"":"""",""subInsclName"":"""",""hospSub"":{""hcode"":""11305"",""hname"":""รพ.บ้านแพ้ว""},""hospMainOp"":{""hcode"":""11305"",""hname"":""รพ.บ้านแพ้ว""},""hospMain"":{""hcode"":""11305"",""hname"":""รพ.บ้านแพ้ว""},""paidModel"":""1"",""serviceHistories"":{""hcode"":""11305"",""hname"":""รพ.บ้านแพ้ว"",""claimCode"":""PP1321912144"",""serviceCode"":"""",""serviceName"":"""",""sourceChannel"":""API"",""tel"":""0990000000""},""serviceDate"":{""serviceDate"":""2024-11-01 7:54:00""}}"
8606200460248,2024-11-01 7:54:00,"{""statusAuthen"":""TRUE"",""statusMessage"":""พบข้อมูลการ authen"",""personalId"":""8606200460248"",""firstName"":""SITทดสอบC1201"",""middleName"":"""",""lastName"":""เคสที่C1201"",""fullName"":""SITทดสอบC1201 เคสที่C1201"",""sex"":""ชาย"",""birthDate"":""2000-12-01"",""age"":""25 ปี 0 เดือน 0 วัน"",""nationCode"":""099"",""nationDescription"":""ไทย"",""provinceCode"":""17"",""provinceName"":""สิงห์บุรี"",""mainInscl"":""UCS"",""mainInsclName"":""สิทธิหลักประกันสุขภาพแห่งชาติ"",""subInscl"":"""",""subInsclName"":"""",""hospSub"":{""hcode"":""11305"",""hname"":""รพ.บ้านแพ้ว""},""hospMainOp"":{""hcode"":""11305"",""hname"":""รพ.บ้านแพ้ว""},""hospMain"":{""hcode"":""11305"",""hname"":""รพ.บ้านแพ้ว""},""paidModel"":""1"",""serviceHistories"":{""hcode"":""11305"",""hname"":""รพ.บ้านแพ้ว"",""claimCode"":""PP1321912145"",""serviceCode"":"""",""serviceName"":"""",""sourceChannel"":""API"",""tel"":""0990000000""},""serviceDate"":{""serviceDate"":""2024-11-01 7:54:00""}}"
6317141351139,2024-11-01 7:54:00,"{""statusAuthen"":""TRUE"",""statusMessage"":""พบข้อมูลการ authen"",""personalId"":""6317141351139"",""firstName"":""SITทดสอบC1201"",""middleName"":"""",""lastName"":""เคสที่C1201"",""fullName"":""SITทดสอบC1201 เคสที่C1201"",""sex"":""ชาย"",""birthDate"":""2000-12-01"",""age"":""25 ปี 0 เดือน 0 วัน"",""nationCode"":""099"",""nationDescription"":""ไทย"",""provinceCode"":""17"",""provinceName"":""สิงห์บุรี"",""mainInscl"":""UCS"",""mainInsclName"":""สิทธิหลักประกันสุขภาพแห่งชาติ"",""subInscl"":"""",""subInsclName"":"""",""hospSub"":{""hcode"":""11305"",""hname"":""รพ.บ้านแพ้ว""},""hospMainOp"":{""hcode"":""11305"",""hname"":""รพ.บ้านแพ้ว""},""hospMain"":{""hcode"":""11305"",""hname"":""รพ.บ้านแพ้ว""},""paidModel"":""1"",""serviceHistories"":{""hcode"":""11305"",""hname"":""รพ.บ้านแพ้ว"",""claimCode"":""PP1321912146"",""serviceCode"":"""",""serviceName"":"""",""sourceChannel"":""API"",""tel"":""0990000000""},""serviceDate"":{""serviceDate"":""2024-11-01 7:54:00""}}"
8604420660767,2024-11-01 7:54:00,"{""statusAuthen"":""TRUE"",""statusMessage"":""พบข้อมูลการ authen"",""personalId"":""8604420660767"",""firstName"":""SITทดสอบC1201"",""middleName"":"""",""lastName"":""เคสที่C1201"",""fullName"":""SITทดสอบC1201 เคสที่C1201"",""sex"":""ชาย"",""birthDate"":""2000-12-01"",""age"":""25 ปี 0 เดือน 0 วัน"",""nationCode"":""099"",""nationDescription"":""ไทย"",""provinceCode"":""17"",""provinceName"":""สิงห์บุรี"",""mainInscl"":""UCS"",""mainInsclName"":""สิทธิหลักประกันสุขภาพแห่งชาติ"",""subInscl"":"""",""subInsclName"":"""",""hospSub"":{""hcode"":""11305"",""hname"":""รพ.บ้านแพ้ว""},""hospMainOp"":{""hcode"":""11305"",""hname"":""รพ.บ้านแพ้ว""},""hospMain"":{""hcode"":""11305"",""hname"":""รพ.บ้านแพ้ว""},""paidModel"":""1"",""serviceHistories"":{""hcode"":""11305"",""hname"":""รพ.บ้านแพ้ว"",""claimCode"":""PP1321912147"",""serviceCode"":"""",""serviceName"":"""",""sourceChannel"":""API"",""tel"":""0990000000""},""serviceDate"":{""serviceDate"":""2024-11-01 7:54:00""}}"
5565285816412,2024-11-01 7:54:00,"{""statusAuthen"":""TRUE"",""statusMessage"":""พบข้อมูลการ authen"",""personalId"":""5565285816412"",""firstName"":""SITทดสอบC1201"",""middleName"":"""",""lastName"":""เคสที่C1201"",""fullName"":""SITทดสอบC1201 เคสที่C1201"",""sex"":""ชาย"",""birthDate"":""2000-12-01"",""age"":""25 ปี 0 เดือน 0 วัน"",""nationCode"":""099"",""nationDescription"":""ไทย"",""provinceCode"":""17"",""provinceName"":""สิงห์บุรี"",""mainInscl"":""UCS"",""mainInsclName"":""สิทธิหลักประกันสุขภาพแห่งชาติ"",""subInscl"":"""",""subInsclName"":"""",""hospSub"":{""hcode"":""11305"",""hname"":""รพ.บ้านแพ้ว""},""hospMainOp"":{""hcode"":""11305"",""hname"":""รพ.บ้านแพ้ว""},""hospMain"":{""hcode"":""11305"",""hname"":""รพ.บ้านแพ้ว""},""paidModel"":""1"",""serviceHistories"":{""hcode"":""11305"",""hname"":""รพ.บ้านแพ้ว"",""claimCode"":""PP1321912148"",""serviceCode"":"""",""serviceName"":"""",""sourceChannel"":""API"",""tel"":""0990000000""},""serviceDate"":{""serviceDate"":""2024-11-01 7:54:00""}}"
2717884122260,2024-11-01 7:54:00,"{""statusAuthen"":""TRUE"",""statusMessage"":""พบข้อมูลการ authen"",""personalId"":""2717884122260"",""firstName"":""SITทดสอบC1201"",""middleName"":"""",""lastName"":""เคสที่C1201"",""fullName"":""SITทดสอบC1201 เคสที่C1201"",""sex"":""ชาย"",""birthDate"":""2000-12-01"",""age"":""25 ปี 0 เดือน 0 วัน"",""nationCode"":""099"",""nationDescription"":""ไทย"",""provinceCode"":""17"",""provinceName"":""สิงห์บุรี"",""mainInscl"":""UCS"",""mainInsclName"":""สิทธิหลักประกันสุขภาพแห่งชาติ"",""subInscl"":"""",""subInsclName"":"""",""hospSub"":{""hcode"":""11305"",""hname"":""รพ.บ้านแพ้ว""},""hospMainOp"":{""hcode"":""11305"",""hname"":""รพ.บ้านแพ้ว""},""hospMain"":{""hcode"":""11305"",""hname"":""รพ.บ้านแพ้ว""},""paidModel"":""1"",""serviceHistories"":{""hcode"":""11305"",""hname"":""รพ.บ้านแพ้ว"",""claimCode"":""PP1321912149"",""serviceCode"":"""",""serviceName"":"""",""sourceChannel"":""API"",""tel"":""0990000000""},""serviceDate"":{""serviceDate"":""2024-11-01 7:54:00""}}"
1160335020523,2024-11-01 7:54:00,"{""statusAuthen"":""TRUE"",""statusMessage"":""พบข้อมูลการ authen"",""personalId"":""1160335020523"",""firstName"":""SITทดสอบC1201"",""middleName"":"""",""lastName"":""เคสที่C1201"",""fullName"":""SITทดสอบC1201 เคสที่C1201"",""sex"":""ชาย"",""birthDate"":""2000-12-01"",""age"":""25 ปี 0 เดือน 0 วัน"",""nationCode"":""099"",""nationDescription"":""ไทย"",""provinceCode"":""17"",""provinceName"":""สิงห์บุรี"",""mainInscl"":""UCS"",""mainInsclName"":""สิทธิหลักประกันสุขภาพแห่งชาติ"",""subInscl"":"""",""subInsclName"":"""",""hospSub"":{""hcode"":""11305"",""hname"":""รพ.บ้านแพ้ว""},""hospMainOp"":{""hcode"":""11305"",""hname"":""รพ.บ้านแพ้ว""},""hospMain"":{""hcode"":""11305"",""hname"":""รพ.บ้านแพ้ว""},""paidModel"":""1"",""serviceHistories"":{""hcode"":""11305"",""hname"":""รพ.บ้านแพ้ว"",""claimCode"":""PP1321912150"",""serviceCode"":"""",""serviceName"":"""",""sourceChannel"":""API"",""tel"":""0990000000""},""serviceDate"":{""serviceDate"":""2024-11-01 7:54:00""}}"
6252232725755,2024-11-01 7:54:00,"{""statusAuthen"":""TRUE"",""statusMessage"":""พบข้อมูลการ authen"",""personalId"":""6252232725755"",""firstName"":""SITทดสอบC1201"",""middleName"":"""",""lastName"":""เคสที่C1201"",""fullName"":""SITทดสอบC1201 เคสที่C1201"",""sex"":""ชาย"",""birthDate"":""2000-12-01"",""age"":""25 ปี 0 เดือน 0 วัน"",""nationCode"":""099"",""nationDescription"":""ไทย"",""provinceCode"":""17"",""provinceName"":""สิงห์บุรี"",""mainInscl"":""UCS"",""mainInsclName"":""สิทธิหลักประกันสุขภาพแห่งชาติ"",""subInscl"":"""",""subInsclName"":"""",""hospSub"":{""hcode"":""11305"",""hname"":""รพ.บ้านแพ้ว""},""hospMainOp"":{""hcode"":""11305"",""hname"":""รพ.บ้านแพ้ว""},""hospMain"":{""hcode"":""11305"",""hname"":""รพ.บ้านแพ้ว""},""paidModel"":""1"",""serviceHistories"":{""hcode"":""11305"",""hname"":""รพ.บ้านแพ้ว"",""claimCode"":""PP1321912151"",""serviceCode"":"""",""serviceName"":"""",""sourceChannel"":""API"",""tel"":""0990000000""},""serviceDate"":{""serviceDate"":""2024-11-01 7:54:00""}}"
6003541261802,2024-11-01 7:54:00,"{""statusAuthen"":""TRUE"",""statusMessage"":""พบข้อมูลการ authen"",""personalId"":""6003541261802"",""firstName"":""SITทดสอบC1201"",""middleName"":"""",""lastName"":""เคสที่C1201"",""fullName"":""SITทดสอบC1201 เคสที่C1201"",""sex"":""ชาย"",""birthDate"":""2000-12-01"",""age"":""25 ปี 0 เดือน 0 วัน"",""nationCode"":""099"",""nationDescription"":""ไทย"",""provinceCode"":""17"",""provinceName"":""สิงห์บุรี"",""mainInscl"":""UCS"",""mainInsclName"":""สิทธิหลักประกันสุขภาพแห่งชาติ"",""subInscl"":"""",""subInsclName"":"""",""hospSub"":{""hcode"":""11305"",""hname"":""รพ.บ้านแพ้ว""},""hospMainOp"":{""hcode"":""11305"",""hname"":""รพ.บ้านแพ้ว""},""hospMain"":{""hcode"":""11305"",""hname"":""รพ.บ้านแพ้ว""},""paidModel"":""1"",""serviceHistories"":{""hcode"":""11305"",""hname"":""รพ.บ้านแพ้ว"",""claimCode"":""PP1321912152"",""serviceCode"":"""",""serviceName"":"""",""sourceChannel"":""API"",""tel"":""0990000000""},""serviceDate"":{""serviceDate"":""2024-11-01 7:54:00""}}"
5255428000804,2024-11-01 7:54:00,"{""statusAuthen"":""TRUE"",""statusMessage"":""พบข้อมูลการ authen"",""personalId"":""5255428000804"",""firstName"":""SITทดสอบC1201"",""middleName"":"""",""lastName"":""เคสที่C1201"",""fullName"":""SITทดสอบC1201 เคสที่C1201"",""sex"":""ชาย"",""birthDate"":""2000-12-01"",""age"":""25 ปี 0 เดือน 0 วัน"",""nationCode"":""099"",""nationDescription"":""ไทย"",""provinceCode"":""17"",""provinceName"":""สิงห์บุรี"",""mainInscl"":""UCS"",""mainInsclName"":""สิทธิหลักประกันสุขภาพแห่งชาติ"",""subInscl"":"""",""subInsclName"":"""",""hospSub"":{""hcode"":""11305"",""hname"":""รพ.บ้านแพ้ว""},""hospMainOp"":{""hcode"":""11305"",""hname"":""รพ.บ้านแพ้ว""},""hospMain"":{""hcode"":""11305"",""hname"":""รพ.บ้านแพ้ว""},""paidModel"":""1"",""serviceHistories"":{""hcode"":""11305"",""hname"":""รพ.บ้านแพ้ว"",""claimCode"":""PP1321912153"",""serviceCode"":"""",""serviceName"":"""",""sourceChannel"":""API"",""tel"":""0990000000""},""serviceDate"":{""serviceDate"":""2024-11-01 7:54:00""}}"
4056227147560,2024-11-01 7:54:00,"{""statusAuthen"":""TRUE"",""statusMessage"":""พบข้อมูลการ authen"",""personalId"":""4056227147560"",""firstName"":""SITทดสอบC1201"",""middleName"":"""",""lastName"":""เคสที่C1201"",""fullName"":""SITทดสอบC1201 เคสที่C1201"",""sex"":""ชาย"",""birthDate"":""2000-12-01"",""age"":""25 ปี 0 เดือน 0 วัน"",""nationCode"":""099"",""nationDescription"":""ไทย"",""provinceCode"":""17"",""provinceName"":""สิงห์บุรี"",""mainInscl"":""UCS"",""mainInsclName"":""สิทธิหลักประกันสุขภาพแห่งชาติ"",""subInscl"":"""",""subInsclName"":"""",""hospSub"":{""hcode"":""11305"",""hname"":""รพ.บ้านแพ้ว""},""hospMainOp"":{""hcode"":""11305"",""hname"":""รพ.บ้านแพ้ว""},""hospMain"":{""hcode"":""11305"",""hname"":""รพ.บ้านแพ้ว""},""paidModel"":""1"",""serviceHistories"":{""hcode"":""11305"",""hname"":""รพ.บ้านแพ้ว"",""claimCode"":""PP1321912154"",""serviceCode"":"""",""serviceName"":"""",""sourceChannel"":""API"",""tel"":""0990000000""},""serviceDate"":{""serviceDate"":""2024-11-01 7:54:00""}}"
6354202428036,2024-11-01 7:54:00,"{""statusAuthen"":""TRUE"",""statusMessage"":""พบข้อมูลการ authen"",""personalId"":""6354202428036"",""firstName"":""SITทดสอบC1201"",""middleName"":"""",""lastName"":""เคสที่C1201"",""fullName"":""SITทดสอบC1201 เคสที่C1201"",""sex"":""ชาย"",""birthDate"":""2000-12-01"",""age"":""25 ปี 0 เดือน 0 วัน"",""nationCode"":""099"",""nationDescription"":""ไทย"",""provinceCode"":""17"",""provinceName"":""สิงห์บุรี"",""mainInscl"":""UCS"",""mainInsclName"":""สิทธิหลักประกันสุขภาพแห่งชาติ"",""subInscl"":"""",""subInsclName"":"""",""hospSub"":{""hcode"":""11305"",""hname"":""รพ.บ้านแพ้ว""},""hospMainOp"":{""hcode"":""11305"",""hname"":""รพ.บ้านแพ้ว""},""hospMain"":{""hcode"":""11305"",""hname"":""รพ.บ้านแพ้ว""},""paidModel"":""1"",""serviceHistories"":{""hcode"":""11305"",""hname"":""รพ.บ้านแพ้ว"",""claimCode"":""PP1321912155"",""serviceCode"":"""",""serviceName"":"""",""sourceChannel"":""API"",""tel"":""0990000000""},""serviceDate"":{""serviceDate"":""2024-11-01 7:54:00""}}"
7362882313041,2024-11-01 7:54:00,"{""statusAuthen"":""TRUE"",""statusMessage"":""พบข้อมูลการ authen"",""personalId"":""7362882313041"",""firstName"":""SITทดสอบC1201"",""middleName"":"""",""lastName"":""เคสที่C1201"",""fullName"":""SITทดสอบC1201 เคสที่C1201"",""sex"":""ชาย"",""birthDate"":""2000-12-01"",""age"":""25 ปี 0 เดือน 0 วัน"",""nationCode"":""099"",""nationDescription"":""ไทย"",""provinceCode"":""17"",""provinceName"":""สิงห์บุรี"",""mainInscl"":""UCS"",""mainInsclName"":""สิทธิหลักประกันสุขภาพแห่งชาติ"",""subInscl"":"""",""subInsclName"":"""",""hospSub"":{""hcode"":""11305"",""hname"":""รพ.บ้านแพ้ว""},""hospMainOp"":{""hcode"":""11305"",""hname"":""รพ.บ้านแพ้ว""},""hospMain"":{""hcode"":""11305"",""hname"":""รพ.บ้านแพ้ว""},""paidModel"":""1"",""serviceHistories"":{""hcode"":""11305"",""hname"":""รพ.บ้านแพ้ว"",""claimCode"":""PP1321912156"",""serviceCode"":"""",""serviceName"":"""",""sourceChannel"":""API"",""tel"":""0990000000""},""serviceDate"":{""serviceDate"":""2024-11-01 7:54:00""}}"
5408762866017,2024-11-01 7:54:00,"{""statusAuthen"":""TRUE"",""statusMessage"":""พบข้อมูลการ authen"",""personalId"":""5408762866017"",""firstName"":""SITทดสอบC1201"",""middleName"":"""",""lastName"":""เคสที่C1201"",""fullName"":""SITทดสอบC1201 เคสที่C1201"",""sex"":""ชาย"",""birthDate"":""2000-12-01"",""age"":""25 ปี 0 เดือน 0 วัน"",""nationCode"":""099"",""nationDescription"":""ไทย"",""provinceCode"":""17"",""provinceName"":""สิงห์บุรี"",""mainInscl"":""UCS"",""mainInsclName"":""สิทธิหลักประกันสุขภาพแห่งชาติ"",""subInscl"":"""",""subInsclName"":"""",""hospSub"":{""hcode"":""11305"",""hname"":""รพ.บ้านแพ้ว""},""hospMainOp"":{""hcode"":""11305"",""hname"":""รพ.บ้านแพ้ว""},""hospMain"":{""hcode"":""11305"",""hname"":""รพ.บ้านแพ้ว""},""paidModel"":""1"",""serviceHistories"":{""hcode"":""11305"",""hname"":""รพ.บ้านแพ้ว"",""claimCode"":""PP1321912157"",""serviceCode"":"""",""serviceName"":"""",""sourceChannel"":""API"",""tel"":""0990000000""},""serviceDate"":{""serviceDate"":""2024-11-01 7:54:00""}}"
4764656021331,2024-11-01 7:54:00,"{""statusAuthen"":""TRUE"",""statusMessage"":""พบข้อมูลการ authen"",""personalId"":""4764656021331"",""firstName"":""SITทดสอบC1201"",""middleName"":"""",""lastName"":""เคสที่C1201"",""fullName"":""SITทดสอบC1201 เคสที่C1201"",""sex"":""ชาย"",""birthDate"":""2000-12-01"",""age"":""25 ปี 0 เดือน 0 วัน"",""nationCode"":""099"",""nationDescription"":""ไทย"",""provinceCode"":""17"",""provinceName"":""สิงห์บุรี"",""mainInscl"":""UCS"",""mainInsclName"":""สิทธิหลักประกันสุขภาพแห่งชาติ"",""subInscl"":"""",""subInsclName"":"""",""hospSub"":{""hcode"":""11305"",""hname"":""รพ.บ้านแพ้ว""},""hospMainOp"":{""hcode"":""11305"",""hname"":""รพ.บ้านแพ้ว""},""hospMain"":{""hcode"":""11305"",""hname"":""รพ.บ้านแพ้ว""},""paidModel"":""1"",""serviceHistories"":{""hcode"":""11305"",""hname"":""รพ.บ้านแพ้ว"",""claimCode"":""PP1321912158"",""serviceCode"":"""",""serviceName"":"""",""sourceChannel"":""API"",""tel"":""0990000000""},""serviceDate"":{""serviceDate"":""2024-11-01 7:54:00""}}"
3607876022510,2024-11-01 7:54:00,"{""statusAuthen"":""TRUE"",""statusMessage"":""พบข้อมูลการ authen"",""personalId"":""3607876022510"",""firstName"":""SITทดสอบC1201"",""middleName"":"""",""lastName"":""เคสที่C1201"",""fullName"":""SITทดสอบC1201 เคสที่C1201"",""sex"":""ชาย"",""birthDate"":""2000-12-01"",""age"":""25 ปี 0 เดือน 0 วัน"",""nationCode"":""099"",""nationDescription"":""ไทย"",""provinceCode"":""17"",""provinceName"":""สิงห์บุรี"",""mainInscl"":""UCS"",""mainInsclName"":""สิทธิหลักประกันสุขภาพแห่งชาติ"",""subInscl"":"""",""subInsclName"":"""",""hospSub"":{""hcode"":""11305"",""hname"":""รพ.บ้านแพ้ว""},""hospMainOp"":{""hcode"":""11305"",""hname"":""รพ.บ้านแพ้ว""},""hospMain"":{""hcode"":""11305"",""hname"":""รพ.บ้านแพ้ว""},""paidModel"":""1"",""serviceHistories"":{""hcode"":""11305"",""hname"":""รพ.บ้านแพ้ว"",""claimCode"":""PP1321912159"",""serviceCode"":"""",""serviceName"":"""",""sourceChannel"":""API"",""tel"":""0990000000""},""serviceDate"":{""serviceDate"":""2024-11-01 7:54:00""}}"
5723626372361,2024-11-01 7:54:00,"{""statusAuthen"":""TRUE"",""statusMessage"":""พบข้อมูลการ authen"",""personalId"":""5723626372361"",""firstName"":""SITทดสอบC1201"",""middleName"":"""",""lastName"":""เคสที่C1201"",""fullName"":""SITทดสอบC1201 เคสที่C1201"",""sex"":""ชาย"",""birthDate"":""2000-12-01"",""age"":""25 ปี 0 เดือน 0 วัน"",""nationCode"":""099"",""nationDescription"":""ไทย"",""provinceCode"":""17"",""provinceName"":""สิงห์บุรี"",""mainInscl"":""UCS"",""mainInsclName"":""สิทธิหลักประกันสุขภาพแห่งชาติ"",""subInscl"":"""",""subInsclName"":"""",""hospSub"":{""hcode"":""11305"",""hname"":""รพ.บ้านแพ้ว""},""hospMainOp"":{""hcode"":""11305"",""hname"":""รพ.บ้านแพ้ว""},""hospMain"":{""hcode"":""11305"",""hname"":""รพ.บ้านแพ้ว""},""paidModel"":""1"",""serviceHistories"":{""hcode"":""11305"",""hname"":""รพ.บ้านแพ้ว"",""claimCode"":""PP1321912160"",""serviceCode"":"""",""serviceName"":"""",""sourceChannel"":""API"",""tel"":""0990000000""},""serviceDate"":{""serviceDate"":""2024-11-01 7:54:00""}}"
8545234012213,2024-11-01 7:54:00,"{""statusAuthen"":""TRUE"",""statusMessage"":""พบข้อมูลการ authen"",""personalId"":""8545234012213"",""firstName"":""SITทดสอบC1201"",""middleName"":"""",""lastName"":""เคสที่C1201"",""fullName"":""SITทดสอบC1201 เคสที่C1201"",""sex"":""ชาย"",""birthDate"":""2000-12-01"",""age"":""25 ปี 0 เดือน 0 วัน"",""nationCode"":""099"",""nationDescription"":""ไทย"",""provinceCode"":""17"",""provinceName"":""สิงห์บุรี"",""mainInscl"":""UCS"",""mainInsclName"":""สิทธิหลักประกันสุขภาพแห่งชาติ"",""subInscl"":"""",""subInsclName"":"""",""hospSub"":{""hcode"":""11305"",""hname"":""รพ.บ้านแพ้ว""},""hospMainOp"":{""hcode"":""11305"",""hname"":""รพ.บ้านแพ้ว""},""hospMain"":{""hcode"":""11305"",""hname"":""รพ.บ้านแพ้ว""},""paidModel"":""1"",""serviceHistories"":{""hcode"":""11305"",""hname"":""รพ.บ้านแพ้ว"",""claimCode"":""PP1321912161"",""serviceCode"":"""",""serviceName"":"""",""sourceChannel"":""API"",""tel"":""0990000000""},""serviceDate"":{""serviceDate"":""2024-11-01 7:54:00""}}"
4035485226445,2024-11-01 7:54:00,"{""statusAuthen"":""TRUE"",""statusMessage"":""พบข้อมูลการ authen"",""personalId"":""4035485226445"",""firstName"":""SITทดสอบC1201"",""middleName"":"""",""lastName"":""เคสที่C1201"",""fullName"":""SITทดสอบC1201 เคสที่C1201"",""sex"":""ชาย"",""birthDate"":""2000-12-01"",""age"":""25 ปี 0 เดือน 0 วัน"",""nationCode"":""099"",""nationDescription"":""ไทย"",""provinceCode"":""17"",""provinceName"":""สิงห์บุรี"",""mainInscl"":""UCS"",""mainInsclName"":""สิทธิหลักประกันสุขภาพแห่งชาติ"",""subInscl"":"""",""subInsclName"":"""",""hospSub"":{""hcode"":""11305"",""hname"":""รพ.บ้านแพ้ว""},""hospMainOp"":{""hcode"":""11305"",""hname"":""รพ.บ้านแพ้ว""},""hospMain"":{""hcode"":""11305"",""hname"":""รพ.บ้านแพ้ว""},""paidModel"":""1"",""serviceHistories"":{""hcode"":""11305"",""hname"":""รพ.บ้านแพ้ว"",""claimCode"":""PP1321912162"",""serviceCode"":"""",""serviceName"":"""",""sourceChannel"":""API"",""tel"":""0990000000""},""serviceDate"":{""serviceDate"":""2024-11-01 7:54:00""}}"