pid,json
2182893981963,"{""pid"":""2182893981963"",""firstName"":""นิวัด"",""middleName"":"""",""lastName"":""แพน"",""fullName"":""นิวัด แพน"",""sex"":""Female"",""age"":""32"",""nationCode"":""099"",""nationDescription"":""Thailand"",""provinceCode"":""17"",""provinceName"":""Singburi"",""subInsclCode"":""89"",""subInsclName"":""string"",""paidModel"":""string"",""birthDateNew"":{""year"":""1992"",""month"":""8"",""day"":""28""},""birthDate"":""28081992"",""mainInscl"":""UCS"",""mainInsclCode"":""string"",""mainInsclName"":""string"",""subInscl"":""string"",""hospSubNew"":{""hcode"":""string"",""hname"":""string""},""hospMainOpNew"":{""hcode"":""string"",""hname"":""string""},""hospMainNew"":{""hcode"":""string"",""hname"":""string""},""hospSub"":""string"",""hospMainOp"":""string"",""hospMain"":""11063"",""hospNew"":{""hcode"":""23578"",""hname"":""รพ.แคนดง""},""hosp"":""test_hosp""}"
1498157950656,"{""pid"":""1498157950656"",""firstName"":""ทดสอบ1"",""middleName"":"""",""lastName"":""ทดสอบ"",""fullName"":""ทดสอบ1 ทดสอบ"",""sex"":""Male"",""age"":""32"",""nationCode"":""099"",""nationDescription"":""Thailand"",""provinceCode"":""17"",""provinceName"":""Singburi"",""subInsclCode"":""89"",""subInsclName"":""string"",""paidModel"":""string"",""birthDateNew"":{""year"":""1992"",""month"":""8"",""day"":""28""},""birthDate"":""28081992"",""mainInscl"":""OFC"",""mainInsclCode"":""string"",""mainInsclName"":""string"",""subInscl"":""string"",""hospSubNew"":{""hcode"":""string"",""hname"":""string""},""hospMainOpNew"":{""hcode"":""string"",""hname"":""string""},""hospMainNew"":{""hcode"":""string"",""hname"":""string""},""hospSub"":""string"",""hospMainOp"":""string"",""hospMain"":""11063"",""hospNew"":{""hcode"":""23578"",""hname"":""รพ.แคนดง""},""hosp"":""test_hosp""}"
1464459697208,"{""pid"":""1464459697208"",""firstName"":""ทดสอบ2"",""middleName"":"""",""lastName"":""ทดสอบ"",""fullName"":""ทดสอบ2 ทดสอบ"",""sex"":""Female"",""age"":""32"",""nationCode"":""099"",""nationDescription"":""Thailand"",""provinceCode"":""17"",""provinceName"":""Singburi"",""subInsclCode"":""89"",""subInsclName"":""string"",""paidModel"":""string"",""birthDateNew"":{""year"":""1992"",""month"":""8"",""day"":""29""},""birthDate"":""29081992"",""mainInscl"":""UCS"",""mainInsclCode"":""string"",""mainInsclName"":""string"",""subInscl"":""string"",""hospSubNew"":{""hcode"":""string"",""hname"":""string""},""hospMainOpNew"":{""hcode"":""string"",""hname"":""string""},""hospMainNew"":{""hcode"":""string"",""hname"":""string""},""hospSub"":""string"",""hospMainOp"":""string"",""hospMain"":""11063"",""hospNew"":{""hcode"":""23578"",""hname"":""รพ.แคนดง""},""hosp"":""test_hosp""}"
2860764678719,"{""pid"":""2860764678719"",""firstName"":""ทดสอบ3"",""middleName"":"""",""lastName"":""ทดสอบ"",""fullName"":""ทดสอบ3 ทดสอบ"",""sex"":""Female"",""age"":""34"",""nationCode"":""099"",""nationDescription"":""Thailand"",""provinceCode"":""17"",""provinceName"":""Singburi"",""subInsclCode"":""89"",""subInsclName"":""string"",""paidModel"":""string"",""birthDateNew"":{""year"":""1990"",""month"":""1"",""day"":""11""},""birthDate"":""011011990"",""mainInscl"":""UCS"",""mainInsclCode"":""string"",""mainInsclName"":""string"",""subInscl"":""string"",""hospSubNew"":{""hcode"":""string"",""hname"":""string""},""hospMainOpNew"":{""hcode"":""string"",""hname"":""string""},""hospMainNew"":{""hcode"":""string"",""hname"":""string""},""hospSub"":""string"",""hospMainOp"":""string"",""hospMain"":""11063"",""hospNew"":{""hcode"":""23578"",""hname"":""รพ.แคนดง""},""hosp"":""test_hosp""}"
9976922247707,"{""pid"":""9976922247707"",""firstName"":""ทดสอบ4"",""middleName"":"""",""lastName"":""ทดสอบ"",""fullName"":""ทดสอบ4 ทดสอบ"",""sex"":""Male"",""age"":""32"",""nationCode"":""099"",""nationDescription"":""Thailand"",""provinceCode"":""17"",""provinceName"":""Singburi"",""subInsclCode"":""89"",""subInsclName"":""string"",""paidModel"":""string"",""birthDateNew"":{""year"":""1992"",""month"":""8"",""day"":""31""},""birthDate"":""31081992"",""mainInscl"":""UCS"",""mainInsclCode"":""string"",""mainInsclName"":""string"",""subInscl"":""string"",""hospSubNew"":{""hcode"":""string"",""hname"":""string""},""hospMainOpNew"":{""hcode"":""string"",""hname"":""string""},""hospMainNew"":{""hcode"":""string"",""hname"":""string""},""hospSub"":""string"",""hospMainOp"":""string"",""hospMain"":""11063"",""hospNew"":{""hcode"":""23578"",""hname"":""รพ.แคนดง""},""hosp"":""test_hosp""}"
9676671309548,"{""pid"":""9676671309548"",""firstName"":""ทดสอบ5"",""middleName"":"""",""lastName"":""ทดสอบ"",""fullName"":""ทดสอบ5 ทดสอบ"",""sex"":""Female"",""age"":""32"",""nationCode"":""099"",""nationDescription"":""Thailand"",""provinceCode"":""17"",""provinceName"":""Singburi"",""subInsclCode"":""89"",""subInsclName"":""string"",""paidModel"":""string"",""birthDateNew"":{""year"":""1992"",""month"":""9"",""day"":""1""},""birthDate"":""01091992"",""mainInscl"":""UCS"",""mainInsclCode"":""string"",""mainInsclName"":""string"",""subInscl"":""string"",""hospSubNew"":{""hcode"":""string"",""hname"":""string""},""hospMainOpNew"":{""hcode"":""string"",""hname"":""string""},""hospMainNew"":{""hcode"":""string"",""hname"":""string""},""hospSub"":""string"",""hospMainOp"":""string"",""hospMain"":""11063"",""hospNew"":{""hcode"":""23578"",""hname"":""รพ.แคนดง""},""hosp"":""test_hosp""}"
4069865132985,"{""pid"":""4069865132985"",""firstName"":""ทดสอบ6"",""middleName"":"""",""lastName"":""ทดสอบ"",""fullName"":""ทดสอบ6 ทดสอบ"",""sex"":""Male"",""age"":""40"",""nationCode"":""099"",""nationDescription"":""Thailand"",""provinceCode"":""17"",""provinceName"":""Singburi"",""subInsclCode"":""89"",""subInsclName"":""string"",""paidModel"":""string"",""birthDateNew"":{""year"":""1982"",""month"":""7"",""day"":""22""},""birthDate"":""22071982"",""mainInscl"":""UCS"",""mainInsclCode"":""string"",""mainInsclName"":""string"",""subInscl"":""string"",""hospSubNew"":{""hcode"":""string"",""hname"":""string""},""hospMainOpNew"":{""hcode"":""string"",""hname"":""string""},""hospMainNew"":{""hcode"":""string"",""hname"":""string""},""hospSub"":""string"",""hospMainOp"":""string"",""hospMain"":""11063"",""hospNew"":{""hcode"":""23578"",""hname"":""รพ.แคนดง""},""hosp"":""test_hosp""}"
5468367033903,"{""pid"":""5468367033903"",""firstName"":""ทดสอบ7"",""middleName"":"""",""lastName"":""ทดสอบ"",""fullName"":""ทดสอบ7 ทดสอบ"",""sex"":""Male"",""age"":""32"",""nationCode"":""099"",""nationDescription"":""Thailand"",""provinceCode"":""17"",""provinceName"":""Singburi"",""subInsclCode"":""89"",""subInsclName"":""string"",""paidModel"":""string"",""birthDateNew"":{""year"":""1992"",""month"":""9"",""day"":""3""},""birthDate"":""03091992"",""mainInscl"":""UCS"",""mainInsclCode"":""string"",""mainInsclName"":""string"",""subInscl"":""string"",""hospSubNew"":{""hcode"":""string"",""hname"":""string""},""hospMainOpNew"":{""hcode"":""string"",""hname"":""string""},""hospMainNew"":{""hcode"":""string"",""hname"":""string""},""hospSub"":""string"",""hospMainOp"":""string"",""hospMain"":""11063"",""hospNew"":{""hcode"":""23578"",""hname"":""รพ.แคนดง""},""hosp"":""test_hosp""}"
3900618707359,"{""pid"":""3900618707359"",""firstName"":""ทดสอบ8"",""middleName"":"""",""lastName"":""ทดสอบ"",""fullName"":""ทดสอบ8 ทดสอบ"",""sex"":""Male"",""age"":""31"",""nationCode"":""099"",""nationDescription"":""Thailand"",""provinceCode"":""17"",""provinceName"":""Singburi"",""subInsclCode"":""89"",""subInsclName"":""string"",""paidModel"":""string"",""birthDateNew"":{""year"":""1994"",""month"":""1"",""day"":""4""},""birthDate"":""04011994"",""mainInscl"":""UCS"",""mainInsclCode"":""string"",""mainInsclName"":""string"",""subInscl"":""string"",""hospSubNew"":{""hcode"":""string"",""hname"":""string""},""hospMainOpNew"":{""hcode"":""string"",""hname"":""string""},""hospMainNew"":{""hcode"":""string"",""hname"":""string""},""hospSub"":""string"",""hospMainOp"":""string"",""hospMain"":""11063"",""hospNew"":{""hcode"":""23578"",""hname"":""รพ.แคนดง""},""hosp"":""test_hosp""}"
7124746737416,"{""pid"":""7124746737416"",""firstName"":""ทดสอบ9"",""middleName"":"""",""lastName"":""ทดสอบ"",""fullName"":""ทดสอบ9 ทดสอบ"",""sex"":""Female"",""age"":""27"",""nationCode"":""099"",""nationDescription"":""Thailand"",""provinceCode"":""17"",""provinceName"":""Singburi"",""subInsclCode"":""89"",""subInsclName"":""string"",""paidModel"":""string"",""birthDateNew"":{""year"":""1997"",""month"":""4"",""day"":""29""},""birthDate"":""29041997"",""mainInscl"":""UCS"",""mainInsclCode"":""string"",""mainInsclName"":""string"",""subInscl"":""string"",""hospSubNew"":{""hcode"":""string"",""hname"":""string""},""hospMainOpNew"":{""hcode"":""string"",""hname"":""string""},""hospMainNew"":{""hcode"":""string"",""hname"":""string""},""hospSub"":""string"",""hospMainOp"":""string"",""hospMain"":""11063"",""hospNew"":{""hcode"":""23578"",""hname"":""รพ.แคนดง""},""hosp"":""test_hosp""}"
1443852933786,"{""pid"":""1443852933786"",""firstName"":""ทดสอบ10"",""middleName"":"""",""lastName"":""ทดสอบ"",""fullName"":""ทดสอบ10 ทดสอบ"",""sex"":""Female"",""age"":""32"",""nationCode"":""099"",""nationDescription"":""Thailand"",""provinceCode"":""17"",""provinceName"":""Singburi"",""subInsclCode"":""89"",""subInsclName"":""string"",""paidModel"":""string"",""birthDateNew"":{""year"":""1992"",""month"":""9"",""day"":""6""},""birthDate"":""06091992"",""mainInscl"":""UCS"",""mainInsclCode"":""string"",""mainInsclName"":""string"",""subInscl"":""string"",""hospSubNew"":{""hcode"":""string"",""hname"":""string""},""hospMainOpNew"":{""hcode"":""string"",""hname"":""string""},""hospMainNew"":{""hcode"":""string"",""hname"":""string""},""hospSub"":""string"",""hospMainOp"":""string"",""hospMain"":""11063"",""hospNew"":{""hcode"":""23578"",""hname"":""รพ.แคนดง""},""hosp"":""test_hosp""}"
